{
	"powers": [
	"frost:ice_bolt",
      "frost:snowstorm",
      "frost:freezing_touch",
      "frost:snowwalker",
      "frost:noslow",
      "frost:ice_immunity",
      "frost:flammable",
      "frost:hot",
      "frost:slow_mob",
      "frost:damage_from_snowballs",
      "frost:frost_particle"
	],
	"icon": "minecraft:snow_block",
	"order": 10,
	"impact": 2,
	"name": "Frostborn",
	"description": "Hard as ice and as cool as winter. The Frostborn is a Hybrid of ice and human."
}
