{
    "type": "origins:stacking_status_effect",
    "min_stacks": 0,
    "max_stacks": 10,
    "duration_per_stack": 20,
    "effects": [
        {
            "effect": "minecraft:weakness",
            "is_ambient": true,
            "show_particles": false,
            "show_icon": true
        },
        {
            "effect": "minecraft:slowness",
            "is_ambient": true,
            "show_particles": false,
            "show_icon": true
        }
    ],
    "condition": {
        "type": "origins:biome",
        "condition": {
          "type": "origins:category",
          "category": "mesa"
        }
      },
      "hidden": true,
      "name": "Desert Disadvantage",
      "description": "You are weaker and slower in desert-type biomes due to being creatures of the forest."
}
