{
	"type": "origins:stacking_status_effect",
	"min_stacks": -20,
	"max_stacks": 361,
	"duration_per_stack": 10,
	"effects": [{
			"effect": "minecraft:haste",
			"is_ambient": true,
			"show_particles": false,
			"show_icon": true
		},
		{
			"effect": "minecraft:luck",
			"is_ambient": true,
			"show_particles": false,
			"show_icon": true
		}
	],
	"condition": {
		"type": "origins:biome",
		"condition": {
			"type": "origins:category",
			"category": "forest"
		}
	},
  "name": "Being of the Forest",
    "description": "While you are in a Forest you get buffs."
}