{
    "name": "Regeneration",
	"description": "Faun's can rapidly heal.(Long Cooldown).",
	"type": "origins:active_self",
    "entity_action": {
        "type": "origins:and",
        "actions": [
            {
                "type": "origins:execute_command",
                "command": "effect give @s minecraft:regeneration 8 2 true",
                "permission_level": 4
            }
			]
	},
	"cooldown": 2500,
	"key": {
		"key": "secondary",
		"continuous": false
	},
	"hud_render": {
		"should_render": true,
		"bar_index": 3
	}
}