{
    "name": "Short",
    "description": "Being half goat half human makes you shorter than a normal Human.",
    "type": "origins:action_on_callback",
    "execute_chosen_when_orb": true,
    "entity_action_added": {
        "type": "origins:and",
        "actions": [
            {
                "type": "origins:execute_command",
                "permission_level": 4,
                "command": "scale set pehkui:height 0.65"
            },
            {
                "type": "origins:execute_command",
                "permission_level": 4,
                "command": "scale set pehkui:width 0.65"
            }
        ]
    },
    "entity_action_removed": {
        "type": "origins:and",
        "actions": [
            {
                "type": "origins:execute_command",
                "permission_level": 4,
                "command": "scale set pehkui:height 0.65"
            },
            {
                "type": "origins:execute_command",
                "permission_level": 4,
                "command": "scale set pehkui:width 0.65"
            }
        ]
    },
    "entity_action_respawned": {
        "type": "origins:and",
        "actions": [
            {
                "type": "origins:execute_command",
                "command": "scale set pehkui:height 0.65",
                "permission_level": 4
            },
            {
                "type": "origins:execute_command",
                "permission_level": 4,
                "command": "scale set pehkui:width 0.65"
            }
        ]
    }
}