{
    "type": "origins:multiple",

    "dash_launch": {
        "type": "origins:active_self",
        "entity_action": {
            "type": "origins:and",
            "actions": [
                {
                    "type": "origins:add_velocity",
                    "space": "local",
                    "z": 1
                },
                {
                    "type": "origins:clear_effect",
                    "effect": "minecraft:invisibility"
                },
                {
                    "type": "origins:execute_command",
                    "command": "particle minecraft:ash ~ ~1 ~ 0.2 0.2 0.2 0.15 100 normal"
                },
                {
                    "type": "origins:play_sound",
  					"sound": "minecraft:entity.ender_dragon.flap",
					"volume": 0.4,
					"pitch": 2
                },
                {
                    "type": "origins:change_resource",
                    "resource": "*:*_dash_buff_res",
                    "change": 10
                },
                {
                    "type": "origins:change_resource",
                    "resource": "*:*_dash_cd",
                    "change": -1
                },
                {
                    "type": "origins:change_resource",
                    "resource": "*:*_dash_cd2",
                    "change": -25
                }
            ]
        },
        "condition": {
            "type": "origins:and",
            "conditions": [
                {
                    "type": "origins:resource",
                    "resource": "*:*_dash_cd2",
                    "comparison": "==",
                    "compare_to": 40
                },
                {
                    "type": "origins:resource",
                    "resource": "*:*_dash_cd",
                    "comparison": "==",
                    "compare_to": 1
                }
            ]
        },
		"key": {
			"key": "key.origins.secondary_active",
			"continuous": false
		},
        "cooldown": 150,
        "hud_render": {
            "should_render": true
        }
    },
     "dash_cd": {
        "type": "origins:resource",
        "min": 0,
        "max": 1,
        "hud_render": {
            "should_render": false,
            "sprite_location": "origins:textures/gui/community/spiderkolo/resource_bar_03.png",
            "bar_index": 23,
            "condition": {
                "type": "origins:and",
                "conditions": [
                    {
                        "type": "origins:resource",
                        "resource": "*:*_dash_cd2",
                        "comparison": "==",
                        "compare_to": 40
                    },
                    {
                        "type": "origins:resource",
                        "resource": "*:*_dash_cd",
                        "comparison": "==",
                        "compare_to": 1
                    }
                ]
            }
        }
    },

    "dash_no": {
        "type": "origins:effect_immunity",
        "effect": "minecraft:invisibility" ,
        "condition": {
            "type": "origins:resource",
            "resource": "*:*_dash_buff_res",
            "comparison": ">",
            "compare_to": 0
        }
    },

    "dash_cd_plus": {
        "type": "origins:action_over_time",
        "entity_action": {
            "type": "origins:change_resource",
            "resource": "*:*_dash_cd",
            "change": 1
        },
        "condition": {
            "type": "origins:on_block"
        },
        "interval": 1
    },

    "dash_cd2": {
        "type": "origins:resource",
        "min": 0,
        "max": 40,
        "hud_render": {
            "should_render": false,
            "condition": {
                "type": "origins:resource",
                "resource": "*:*_dash_cd",
                "comparison": "==",
                "compare_to": 1
            }
        }
    },

    "dash_cd2_plus": {
        "type": "origins:action_over_time",
        "entity_action": {
            "type": "origins:change_resource",
            "resource": "*:*_dash_cd2",
            "change": 1
        },
        "interval": 1
    },

    "dash_buff_res": {
        "type": "origins:resource",
        "min": 0,
        "max": 10,
        "hud_render": {
            "should_render": false
        }
    },

    "dash_buff_zero": {
        "type": "origins:action_over_time",
        "entity_action": {
            "type": "origins:change_resource",
            "resource": "*:*_dash_buff_res",
            "change": -1
        },
        "interval": 1
    },

    "dash_buff": {
        "type": "origins:modify_damage_dealt",
        "condition": {
            "type": "origins:resource",
            "resource": "*:*_dash_buff_res",
            "comparison": ">",
            "compare_to": 0
        },
        "modifier": {
            "operation": "multiply_total",
            "value": 0.5
        },
        "self_action": {
            "type": "origins:and",
            "actions": [
                {
                    "type": "origins:execute_command",
                    "command": "particle minecraft:sweep_attack ^ ^1.5 ^1.5 0.01 0.01 0.01 0 10 normal"
                },
                {
                    "type": "origins:execute_command",
                    "command": "playsound minecraft:item.trident.throw player @a[distance=..5] ~ ~ ~ 2 1.3"
                }
            ]
        }
    },

    "dash_invinc": {
        "type": "origins:modify_damage_taken",
        "modifier": {
            "operation": "multiply_total",
            "value": -1
        },
        "condition": {
            "type": "origins:resource",
            "resource": "*:*_dash_buff_res",
            "comparison": ">",
            "compare_to": 0
        }
    },

    "name": "Fast as Shadows",
	"description": "Being a Shadowean makes you so fast that you can perform a dash."
}