{
    "type": "origins:multiple",

    "invis_out_hit": {
        "type": "origins:self_action_on_hit",
        "entity_action": {
            "type": "origins:and",
            "actions": [
                {
                    "type": "origins:clear_effect",
                    "effect": "minecraft:invisibility"
                },
                {
                    "type": "origins:change_resource",
                    "resource": "*:*_invis_out_res",
                    "change": 30
                }
            ]
        },
        "cooldown": 0
    },

    "invis_out_get_hit": {
        "type": "origins:self_action_when_hit",
        "entity_action": {
            "type": "origins:and",
            "actions": [
                {
                    "type": "origins:clear_effect",
                    "effect": "minecraft:invisibility"
                },
                {
                    "type": "origins:change_resource",
                    "resource": "*:*_invis_out_res",
                    "change": 20
                }
            ]
        },
        "cooldown": 0
    },

    "invis_out_immun": {
        "type": "origins:effect_immunity",
        "effect": "minecraft:invisibility" ,
        "condition": {
            "type": "origins:resource",
            "resource": "*:*_invis_out_res",
            "comparison": ">",
            "compare_to": 0
        }
    },

    "invis_out_res": {
        "type": "origins:resource",
        "min": 0,
        "max": 60,
        "hud_render": {
            "should_render": false
        }
    },

    "invis_out_zero": {
        "type": "origins:action_over_time",
        "entity_action": {
            "type": "origins:change_resource",
            "resource": "*:*_invis_out_res",
            "change": -1
        },
        "interval": 1
    },

    "hidden": true
}