{
    "type": "origins:multiple",
    "name": "True Shadow",
    "description": "While being in darkness you'll be one with the shadows. You'll deal more damage, be invisible, and sense nearby entities. Attacking, getting hit or dashing will temporarily uncover you.",
	
	"toggle_shad": {
		"type": "origins:toggle",
		"key": {
		  "key": "key.saveToolbarActivator",
		  "continuous": false
		}
	},

	"invis_true": {
		"type": "origins:invisibility",
		"render_armor": false,
		"condition": {
			"type": "origins:status_effect",
			"effect": "minecraft:invisibility"
		}
	},
	
	"invis_shader": {
		"type": "origins:shader",
		"shader": "minecraft:shaders/post/desaturate.json",
		"condition": {
			"type": "origins:and",
      		"conditions": [
        		{
					"type": "origins:status_effect",
					"effect": "minecraft:invisibility"
				},
				{
					"type": "origins:power_active",
          			"power": "*:*_toggle_shad"
				}
			]
		}
	},
    
	"invis_dmg": {
		"type": "origins:modify_damage_dealt",
		"condition": {
			"type": "origins:status_effect",
			"effect": "minecraft:invisibility"
		},
		"modifier": {
			"operation": "multiply_total",
			"value": 1
		}
	},
	
	"invis_glow": {
		"type": "origins:entity_glow",
		"condition": {
			"type": "origins:status_effect",
			"effect": "minecraft:invisibility"
		}
	}

}