{
    "type": "origins:stacking_status_effect",
    "min_stacks": -1,
    "max_stacks": 1,
    "duration_per_stack": 20,
    "tick_rate": 10,
    "effect": {
        "effect": "minecraft:invisibility",
        "show_particles": false,
        "show_icon": false
    },
    "condition": {
        "type": "origins:or",
        "conditions": [
            {
                "type": "origins:brightness",
                "comparison": "<=",
                "compare_to": 0.2
            }
        ]
    },
    "hidden": true
}