{
    "type": "origins:active_self",
    "entity_action": {
        "type": "origins:and",
        "actions": [
            {
                "type": "origins:execute_command",
                "command": "effect give @e[distance=0.01..8] minecraft:blindness 3 0 true"
            },
            {
                "type": "origins:execute_command",
                "command": "effect give @e[distance=0.01..8] minecraft:slowness 2 2 true"
            },
            {
                "type": "origins:execute_command",
                "command": "particle minecraft:campfire_cosy_smoke ~ ~ ~ 1 1 1 0.1 1000"
            },
            {
                "type": "origins:execute_command",
                "command": "playsound minecraft:entity.creeper.primed master @a[distance=..8] ~ ~ ~ 1 .5"
            },
            {    
                "type": "origins:apply_effect",
                "effect": {
                    "effect": "minecraft:invisibility",
                    "amplifier": 2,
                    "duration": 120
                }
            }
        ]
    },
    "cooldown": 350,
    "hud_render": {
        "should_render": true,
        "sprite_location": "origins:textures/gui/community/huang/resource_bar_02.png",
        "bar_index": 19
    },
    "key": {
        "key": "primary",
        "continuous": false
    },
    "name": "Smoke Bomb",
	"description": "With the help of a Smoke Bomb you can turn into a shadow even at day. It will slow your enemies aswell."
}