{
    "type": "origins:fire_projectile",
    "cooldown": 100,
    "hud_render": {
          "should_render": true,
          "sprite_location": "origins:textures/gui/community/spiderkolo/resource_bar_02.png",
          "bar_index": 18
      },
    "entity_type": "minecraft:tnt",

    "speed": 4,
    "count": 1,
    "divergence": 0,
    "tag": "{ExplosionPower:1,Fuse:6,Invisibility:1}",
    "key": {
        "key": "primary",
         "continuous": true
    },
    "name": "Rock Throw",
    "description": "You pick up a stone from beneath your feet and throw it at incredible high speed causing a explosion."

  }