{
    "name": "Unbreakable",
	"description": "You can make yourself invincible for a short amount of time by hardening yourself. (You will loose all of your mobility by doing that.)",
	"type": "origins:active_self",
    "entity_action": {
        "type": "origins:and",
        "actions": [
            {
                "type": "origins:execute_command",
                "command": "effect give @s minecraft:resistance 15 10 true",
                "permission_level": 4
            },
            {
                "type": "origins:execute_command",
                "command": "effect give @s minecraft:slowness 15 10 true",
                "permission_level": 4
            },
            {
                "type": "origins:execute_command",
                "command": "effect give @s minecraft:weakness 15 10 true",
                "permission_level": 4
            }
			]
	},
	"cooldown": 1000,
	"key": {
		"key": "secondary",
		"continuous": false
	},
	"hud_render": {
		"should_render": true,
		"bar_index": 8
	}
}