{
    "type": "origins:stacking_status_effect",
    "hidden": true,
    "min_stacks": 0,
    "max_stacks": 26,
    "duration_per_stack": 10,
    "effects": [
        {
            "effect": "minecraft:slowness",
            "amplifier": 0,
            "is_ambient": true,
            "show_particles": false,
            "show_icon": true
        }
    ],
    "condition": {
  	"type": "origins:or",
  		"conditions": [
  		{
  		 "type": "origins:in_block",
  		 "block_condition": {
            "type": "origins:block",
            "block": "minecraft:water"
            }
			},
            {
            "type": "origins:in_rain"
            }
            ]
        }
}
