{
	"powers": [
		"black:resis",
                "black:kb",
                "black:satu",
                "black:unbr",
                "black:rockthrow",
                "black:skin",
                "black:netherspawn",
                "black:water",
                "black:waterslow",
                "black:hunger",
                "black:lavainvu",
                "black:noshield",
                "black:sinking"
	],
	"icon": "minecraft:blackstone",
	"order": 4,
	"impact": 3,
	"name": "Blackstonean",
	"description": "As a punishment for a bad life before death, you were reborn as a living Blackstone and now roam the Nether without meaning or benefit."
}