{
	"powers": [
        "risen:dash",
        "risen:regen",
        "risen:small",
        "risen:invis",
        "risen:goat",
        "risen:forest",
        "risen:weak",
        "risen:desert_debuff",
        "risen:badlands_debuff",
        "risen:taiga",
        "risen:darkwood",
        "risen:birch",
        "risen:plains",
        "risen:fall"
	],
	"icon": "minecraft:blue_orchid",
	"order": 1,
	"impact": 2,
	"name": "Faun",
	"description": "Fauns are magical creatures that live in forests. Faun's can use musical instruments and are often seen humming songs to sooth woodland creatures."
}
