{
    "name": "Dragon's Breath",
	"description": "Let your dragon spit Dragon's Breath.",
	"type": "origins:active_self",
    "entity_action": {
        "type": "origins:and",
        "actions": [
            {
                "type": "origins:execute_command",
                "command": "summon armor_stand ~ ~1 ~1 {Invulnerable:1b,NoBasePlate:1b,ShowArms:1b,Small:1b,ArmorItems:[{id:"leather_boots",Count:1b,tag:{display:{color:0}}},{id:"leather_leggings",Count:1b,tag:{display:{color:0}}},{id:"elytra",Count:1b},{id:"dragon_head",Count:1b}],HandItems:[{},{}],CustomName:'{"text":"BabyDragon"}',DisabledSlots:4144959,Pose:{LeftArm:[183f,0f,64f],RightArm:[334f,0f,24f]}}",
                "permission_level": 4
            },
            {
                "type": "origins:execute_command",
                "command": "execute as @e[type=minecraft:armor_stand,name=BabyDragon] run summon minecraft:area_effect_cloud ~ ~-1 ~ {Duration:100,Radius:6.0f,OwnerUUIDLeast:1l,OwnerUUIDMost:1l,Potion:"minecraft:harming"}"
                "permission_level": 4
            },
            {
                "type": "origins:execute_command",
                "command": "/kill @e[type=armor_stand,name=BabyDragon]"
                "permission_level": 4
            }
			]
	},
	"cooldown": 100,
	"key": {
		"key": "primary",
		"continuous": false
	},
	"hud_render": {
		"should_render": true,
		"bar_index": 3
	}
}