{
	"powers": [
		"shadow:smoke",
                "shadow:double_jump",
                "shadow:block",
                "shadow:dash",
                "shadow:fragile",
                "shadow:invis",
                "shadow:invis_buff",
                "shadow:invis_out",
                "shadow:shadow",
                "shadow:purify",
                "shadow:shadowhands"
	],
	"icon": "minecraft:obsidian",
	"order": 4,
	"impact": 3,
	"name": "Shadowean",
	"description": "A former person who detached himself from his shell to become nothing more than a shadow. Shadoweans are dreaded creatures around the globe."
}
