{
  	"type": "origins:action_over_time",
  	"entity_action": {
  		"type": "origins:and",
  		"actions": [
        {
		    	"type": "origins:execute_command",
		    	"command": "effect give @e[distance=..10] minecraft:levitation 1 30 true",
		    	"permission_level": 4
    		},
  			{
		    	"type": "origins:execute_command",
		    	"command": "scoreboard players remove @e[scores={stardeath=1..}] stardeath 1",
		    	"permission_level": 4
    		},
  			{
		    	"type": "origins:change_resource",
		    	"resource": "star:cooldown",
		    	"change": 1200
    		}
    	]
  	},
  	"interval": 1,
	"condition": {
		"type": "origins:and",
		"conditions": [
			{
		    	"type": "origins:health",
		    	"comparison": "==",
		    	"compare_to": 0
    		},
    		{
		    	"type": "origins:resource",
		    	"resource": "star:cooldown",
		    	"comparison": "==",
		    	"compare_to": 0
		    }
    	]
	},
    "name": "Death Tornado",
    "description": "Your power is released when you die throwing everything around you into the air."
}
