{
	"type": "origins:multiple",
	"name": "Freezing Touch",
	"description": "Freeze anything you hit for 2 seconds unless your enemy is on fire. Your enemies also won't be able to mine or attack, however your enemy can still ignite themselves to move again. Snowballs that you throw deal damage.",

	"snowball": {
		"type": "origins:target_action_on_hit",
		"damage_condition": {
			"type": "origins:projectile",
			"projectile": "minecraft:snowball"
		},
		"entity_action": {
			"type": "origins:damage",
			"amount": "2",
			"source": {
				"name": "freeze",
				"bypasses_armor": false
			}
		},
		"cooldown": 0
	},
	"freeze": {
		"type": "origins:target_action_on_hit",
		"entity_action": {
			"type": "origins:and",
			"actions": [{
					"type": "origins:execute_command",
					"command": "function frost:a_long_name"
				},
				{
					"type": "origins:execute_command",
					"command": "power grant @s frost:frozen"
				},
				{
					"type": "origins:delay",
					"ticks": 40,
					"action": {
						"type": "origins:execute_command",
						"command": "function frost:not_a_long_name"
					}
				}
			]
		},
		"condition": {
			"type": "origins:power_active",
			"power": "frost:heat_stroke_nether_detect",
			"inverted": true
		},
		"target_condition": {
			"type": "origins:on_fire",
			"inverted": true
		},
		"cooldown": 100,
		"hud_render": {
			"sprite_location": "origins:textures/gui/community/spiderkolo/resource_bar_03.png",
			"bar_index": 0
		}
	}
}