{
	"type": "origins:multiple",
	"hidden": true,

	"revoke": {
		"type": "origins:action_on_callback",
		"entity_action_added": {
			"type": "origins:delay",
			"ticks": 600,
			"action": {
				"type": "origins:and",
				"actions": [{
						"type": "origins:execute_command",
						"command": "effect clear @s slowness"
					},
					{
						"type": "origins:execute_command",
						"command": "power revoke @s frost:slow_mob"
					}
				]
			}
		}
	},
	"free_self": {
		"type": "origins:action_over_time",
		"interval": 1,
		"entity_action": {
			"type": "origins:and",
			"actions": [{
					"type": "origins:execute_command",
					"command": "effect clear @s slowness"
				},
				{
					"type": "origins:execute_command",
					"command": "power revoke @s frost:slow_mob"
				}
			]
		},
		"condition": {
			"type": "origins:on_fire"
		}
	}
}
