{
	"type": "origins:multiple",
	"name": "Snowstorm",
	"description": "When pressing your secondary key you can summon a snowstorm and slow everything within 15 blocks of you by 90% for 30 seconds or until your enemy catches fire. Cauldrons will also fill up with snow if they're empty, non-flowing water freezes, and fires are extinguished.",

	"snowstorm": {
		"type": "origins:active_self",
		"entity_action": {
			"type": "origins:and",
			"actions": [{
					"type": "origins:extinguish"
				},
				{
					"type": "origins:execute_command",
					"command": "function frost:snowstorm"
				},
				{
					"type": "origins:execute_command",
					"command": "execute positioned ~ ~1 ~ run function frost:snowstorm"
				},
				{
					"type": "origins:execute_command",
					"command": "execute positioned ~ ~2 ~ run function frost:snowstorm"
				},
				{
					"type": "origins:execute_command",
					"command": "execute positioned ~ ~3 ~ run function frost:snowstorm"
				},
				{
					"type": "origins:execute_command",
					"command": "execute positioned ~ ~4 ~ run function frost:snowstorm"
				},
				{
					"type": "origins:execute_command",
					"command": "function frost:snowstorm_dummy"
				},
				{
					"type": "origins:delay",
					"ticks": 20,
					"action": {
						"type": "origins:execute_command",
						"command": "particle minecraft:snowflake ~ ~ ~ 10 5 10 0.01 750 normal @a"
					}
				},
				{
					"type": "origins:delay",
					"ticks": 40,
					"action": {
						"type": "origins:execute_command",
						"command": "particle minecraft:snowflake ~ ~ ~ 10 5 10 0.01 500 normal @a"
					}
				},
				{
					"type": "origins:delay",
					"ticks": 60,
					"action": {
						"type": "origins:execute_command",
						"command": "particle minecraft:snowflake ~ ~ ~ 10 5 10 0.01 250 normal @a"
					}
				}
			]
		},
		"condition": {
			"type": "origins:power_active",
			"power": "frost:heat_stroke_nether_detect",
			"inverted": true
		},
		"key": {
			"key": "key.origins.secondary_active"
		},
		"cooldown": 1000,
		"hud_render": {
			"shoud_render": true,
			"sprite_location": "origins:textures/gui/community/huang/resource_bar_01.png",
			"bar_index": 8
		}
	},
	"fail": {
		"type": "origins:active_self",
		"entity_action": {
			"type": "origins:execute_command",
			"command": "function aftsd:fail"
		},
		"condition": {
			"type": "origins:power_active",
			"power": "aftsd:heat_stroke_nether_detect"
		},
		"cooldown": 10,
		"hud_render": {
			"should_render": true,
			"sprite_location": "origins:textures/gui/community/spiderkolo/resource_bar_01.png",
			"bar_index": 23
		}
	}
}